<?xml version="1.0"?>
<Profile xmlns:xsi="http://www.w3.org/2001/XMLSchema-instance" xmlns:xsd="http://www.w3.org/2001/XMLSchema" Active="true" Name="DIRT5" TelemetryProvider="dirt5" OverallIntensity="72">
  <Author>PEZZALUCIFER</Author>
  <Version>v1.0</Version>
  <Info>Base profile for DIRT5</Info>
  <BannerImage>img\banner_dirt5.png</BannerImage>
  <ControllerConfigList>
    <ControllerConfig Id="1" Type="SFX" SmoothingEnabled="true" Smoothness="20" Intensity="61" Acceleration="100" MinSpeed="70" MaxSpeed="100" />
  </ControllerConfigList>
  <FeedbackEffectList>
    <FeedbackEffect Type="SimFeedback.motion.HeaveMotionFeedbackEffect">
      <linearInterpolation>true</linearInterpolation>
      <name>Heave</name>
      <telemetryName>Heave</telemetryName>
      <intervalValueY1>5</intervalValueY1>
      <minValueY1>-25</minValueY1>
      <maxValueY1>25</maxValueY1>
      <intervalValueX>1</intervalValueX>
      <minValueX>-10</minValueX>
      <maxValueX>10</maxValueX>
      <enabled>true</enabled>
      <mute>false</mute>
      <smoothing>0</smoothing>
      <controller-id>1</controller-id>
      <intensity>1.5</intensity>
      <ConfigDataSet>
        <xs:schema id="DataSet" xmlns="" xmlns:xs="http://www.w3.org/2001/XMLSchema" xmlns:msdata="urn:schemas-microsoft-com:xml-msdata">
          <xs:element name="DataSet" msdata:IsDataSet="true" msdata:Locale="en-US">
            <xs:complexType>
              <xs:choice minOccurs="0" maxOccurs="unbounded">
                <xs:element name="Volume" msdata:Locale="en-US">
                  <xs:complexType>
                    <xs:sequence>
                      <xs:element name="X" type="xs:double" minOccurs="0" />
                      <xs:element name="Y" type="xs:double" minOccurs="0" />
                    </xs:sequence>
                  </xs:complexType>
                </xs:element>
                <xs:element name="Frequency" msdata:Locale="en-US">
                  <xs:complexType>
                    <xs:sequence>
                      <xs:element name="X" type="xs:double" minOccurs="0" />
                      <xs:element name="Y" type="xs:double" minOccurs="0" />
                    </xs:sequence>
                  </xs:complexType>
                </xs:element>
                <xs:element name="Realtime" msdata:Locale="en-US">
                  <xs:complexType>
                    <xs:sequence>
                      <xs:element name="X" type="xs:double" minOccurs="0" />
                      <xs:element name="Y" type="xs:double" minOccurs="0" />
                    </xs:sequence>
                  </xs:complexType>
                </xs:element>
              </xs:choice>
            </xs:complexType>
          </xs:element>
        </xs:schema>
        <diffgr:diffgram xmlns:msdata="urn:schemas-microsoft-com:xml-msdata" xmlns:diffgr="urn:schemas-microsoft-com:xml-diffgram-v1">
          <DataSet>
            <Volume diffgr:id="Volume1" msdata:rowOrder="0">
              <X>-4.95</X>
              <Y>0</Y>
            </Volume>
            <Volume diffgr:id="Volume2" msdata:rowOrder="1">
              <X>5.028</X>
              <Y>0</Y>
            </Volume>
            <Frequency diffgr:id="Frequency1" msdata:rowOrder="0">
              <X>-4.95</X>
              <Y>25</Y>
            </Frequency>
            <Frequency diffgr:id="Frequency2" msdata:rowOrder="1">
              <X>5.028</X>
              <Y>-25</Y>
            </Frequency>
            <Realtime diffgr:id="Realtime1" msdata:rowOrder="0">
              <X>-10</X>
              <Y>-25</Y>
            </Realtime>
            <Realtime diffgr:id="Realtime2" msdata:rowOrder="1">
              <X>0.0054979595063703061</X>
              <Y>-25</Y>
            </Realtime>
          </DataSet>
        </diffgr:diffgram>
      </ConfigDataSet>
    </FeedbackEffect>
    <FeedbackEffect Type="SimFeedback.motion.RollMotionFeedbackEffect">
      <linearInterpolation>true</linearInterpolation>
      <name>Sway</name>
      <telemetryName>Sway</telemetryName>
      <intervalValueY1>5</intervalValueY1>
      <minValueY1>-25</minValueY1>
      <maxValueY1>25</maxValueY1>
      <intervalValueX>1</intervalValueX>
      <minValueX>-10</minValueX>
      <maxValueX>10</maxValueX>
      <enabled>true</enabled>
      <mute>false</mute>
      <smoothing>0</smoothing>
      <controller-id>1</controller-id>
      <intensity>1.5</intensity>
      <ConfigDataSet>
        <xs:schema id="DataSet" xmlns="" xmlns:xs="http://www.w3.org/2001/XMLSchema" xmlns:msdata="urn:schemas-microsoft-com:xml-msdata">
          <xs:element name="DataSet" msdata:IsDataSet="true" msdata:Locale="en-US">
            <xs:complexType>
              <xs:choice minOccurs="0" maxOccurs="unbounded">
                <xs:element name="Volume" msdata:Locale="en-US">
                  <xs:complexType>
                    <xs:sequence>
                      <xs:element name="X" type="xs:double" minOccurs="0" />
                      <xs:element name="Y" type="xs:double" minOccurs="0" />
                    </xs:sequence>
                  </xs:complexType>
                </xs:element>
                <xs:element name="Frequency" msdata:Locale="en-US">
                  <xs:complexType>
                    <xs:sequence>
                      <xs:element name="X" type="xs:double" minOccurs="0" />
                      <xs:element name="Y" type="xs:double" minOccurs="0" />
                    </xs:sequence>
                  </xs:complexType>
                </xs:element>
                <xs:element name="Realtime" msdata:Locale="en-US">
                  <xs:complexType>
                    <xs:sequence>
                      <xs:element name="X" type="xs:double" minOccurs="0" />
                      <xs:element name="Y" type="xs:double" minOccurs="0" />
                    </xs:sequence>
                  </xs:complexType>
                </xs:element>
              </xs:choice>
            </xs:complexType>
          </xs:element>
        </xs:schema>
        <diffgr:diffgram xmlns:msdata="urn:schemas-microsoft-com:xml-msdata" xmlns:diffgr="urn:schemas-microsoft-com:xml-diffgram-v1">
          <DataSet>
            <Volume diffgr:id="Volume1" msdata:rowOrder="0">
              <X>-6.003</X>
              <Y>0</Y>
            </Volume>
            <Volume diffgr:id="Volume2" msdata:rowOrder="1">
              <X>6.042</X>
              <Y>0</Y>
            </Volume>
            <Frequency diffgr:id="Frequency1" msdata:rowOrder="0">
              <X>-6.003</X>
              <Y>-25</Y>
            </Frequency>
            <Frequency diffgr:id="Frequency2" msdata:rowOrder="1">
              <X>6.042</X>
              <Y>25</Y>
            </Frequency>
            <Realtime diffgr:id="Realtime1" msdata:rowOrder="0">
              <X>-10</X>
              <Y>-25</Y>
            </Realtime>
            <Realtime diffgr:id="Realtime2" msdata:rowOrder="1">
              <X>-1.2479147587481379E-05</X>
              <Y>-25</Y>
            </Realtime>
          </DataSet>
        </diffgr:diffgram>
      </ConfigDataSet>
    </FeedbackEffect>
    <FeedbackEffect Type="SimFeedback.motion.PitchMotionFeedbackEffect">
      <linearInterpolation>true</linearInterpolation>
      <name>Surge</name>
      <telemetryName>Surge</telemetryName>
      <intervalValueY1>5</intervalValueY1>
      <minValueY1>-25</minValueY1>
      <maxValueY1>25</maxValueY1>
      <intervalValueX>1</intervalValueX>
      <minValueX>-10</minValueX>
      <maxValueX>10</maxValueX>
      <enabled>true</enabled>
      <mute>false</mute>
      <smoothing>0</smoothing>
      <controller-id>1</controller-id>
      <intensity>1.5</intensity>
      <ConfigDataSet>
        <xs:schema id="DataSet" xmlns="" xmlns:xs="http://www.w3.org/2001/XMLSchema" xmlns:msdata="urn:schemas-microsoft-com:xml-msdata">
          <xs:element name="DataSet" msdata:IsDataSet="true" msdata:Locale="en-US">
            <xs:complexType>
              <xs:choice minOccurs="0" maxOccurs="unbounded">
                <xs:element name="Volume" msdata:Locale="en-US">
                  <xs:complexType>
                    <xs:sequence>
                      <xs:element name="X" type="xs:double" minOccurs="0" />
                      <xs:element name="Y" type="xs:double" minOccurs="0" />
                    </xs:sequence>
                  </xs:complexType>
                </xs:element>
                <xs:element name="Frequency" msdata:Locale="en-US">
                  <xs:complexType>
                    <xs:sequence>
                      <xs:element name="X" type="xs:double" minOccurs="0" />
                      <xs:element name="Y" type="xs:double" minOccurs="0" />
                    </xs:sequence>
                  </xs:complexType>
                </xs:element>
                <xs:element name="Realtime" msdata:Locale="en-US">
                  <xs:complexType>
                    <xs:sequence>
                      <xs:element name="X" type="xs:double" minOccurs="0" />
                      <xs:element name="Y" type="xs:double" minOccurs="0" />
                    </xs:sequence>
                  </xs:complexType>
                </xs:element>
              </xs:choice>
            </xs:complexType>
          </xs:element>
        </xs:schema>
        <diffgr:diffgram xmlns:msdata="urn:schemas-microsoft-com:xml-msdata" xmlns:diffgr="urn:schemas-microsoft-com:xml-diffgram-v1">
          <DataSet>
            <Volume diffgr:id="Volume1" msdata:rowOrder="0">
              <X>-7.573</X>
              <Y>0</Y>
            </Volume>
            <Volume diffgr:id="Volume2" msdata:rowOrder="1">
              <X>0</X>
              <Y>0</Y>
            </Volume>
            <Volume diffgr:id="Volume3" msdata:rowOrder="2">
              <X>7.414</X>
              <Y>0</Y>
            </Volume>
            <Frequency diffgr:id="Frequency1" msdata:rowOrder="0">
              <X>-7.573</X>
              <Y>25</Y>
            </Frequency>
            <Frequency diffgr:id="Frequency2" msdata:rowOrder="1">
              <X>0</X>
              <Y>-0.07532726151263347</Y>
            </Frequency>
            <Frequency diffgr:id="Frequency3" msdata:rowOrder="2">
              <X>7.414</X>
              <Y>-25</Y>
            </Frequency>
            <Realtime diffgr:id="Realtime1" msdata:rowOrder="0">
              <X>-10</X>
              <Y>-25</Y>
            </Realtime>
            <Realtime diffgr:id="Realtime2" msdata:rowOrder="1">
              <X>0.00024457089583498236</X>
              <Y>-25</Y>
            </Realtime>
          </DataSet>
        </diffgr:diffgram>
      </ConfigDataSet>
    </FeedbackEffect>
    <FeedbackEffect Type="SimFeedback.motion.PitchMotionFeedbackEffect">
      <linearInterpolation>true</linearInterpolation>
      <name>Pitch</name>
      <telemetryName>PitchAngle</telemetryName>
      <intervalValueY1>5</intervalValueY1>
      <minValueY1>-25</minValueY1>
      <maxValueY1>25</maxValueY1>
      <intervalValueX>5</intervalValueX>
      <minValueX>-25</minValueX>
      <maxValueX>25</maxValueX>
      <enabled>true</enabled>
      <mute>false</mute>
      <smoothing>5</smoothing>
      <controller-id>1</controller-id>
      <intensity>1.30000007</intensity>
      <ConfigDataSet>
        <xs:schema id="DataSet" xmlns="" xmlns:xs="http://www.w3.org/2001/XMLSchema" xmlns:msdata="urn:schemas-microsoft-com:xml-msdata">
          <xs:element name="DataSet" msdata:IsDataSet="true" msdata:Locale="en-US">
            <xs:complexType>
              <xs:choice minOccurs="0" maxOccurs="unbounded">
                <xs:element name="Volume" msdata:Locale="en-US">
                  <xs:complexType>
                    <xs:sequence>
                      <xs:element name="X" type="xs:double" minOccurs="0" />
                      <xs:element name="Y" type="xs:double" minOccurs="0" />
                    </xs:sequence>
                  </xs:complexType>
                </xs:element>
                <xs:element name="Frequency" msdata:Locale="en-US">
                  <xs:complexType>
                    <xs:sequence>
                      <xs:element name="X" type="xs:double" minOccurs="0" />
                      <xs:element name="Y" type="xs:double" minOccurs="0" />
                    </xs:sequence>
                  </xs:complexType>
                </xs:element>
                <xs:element name="Realtime" msdata:Locale="en-US">
                  <xs:complexType>
                    <xs:sequence>
                      <xs:element name="X" type="xs:double" minOccurs="0" />
                      <xs:element name="Y" type="xs:double" minOccurs="0" />
                    </xs:sequence>
                  </xs:complexType>
                </xs:element>
              </xs:choice>
            </xs:complexType>
          </xs:element>
        </xs:schema>
        <diffgr:diffgram xmlns:msdata="urn:schemas-microsoft-com:xml-msdata" xmlns:diffgr="urn:schemas-microsoft-com:xml-diffgram-v1">
          <DataSet>
            <Volume diffgr:id="Volume1" msdata:rowOrder="0">
              <X>-25</X>
              <Y>0</Y>
            </Volume>
            <Volume diffgr:id="Volume2" msdata:rowOrder="1">
              <X>25</X>
              <Y>0</Y>
            </Volume>
            <Frequency diffgr:id="Frequency1" msdata:rowOrder="0">
              <X>-25</X>
              <Y>-25</Y>
            </Frequency>
            <Frequency diffgr:id="Frequency2" msdata:rowOrder="1">
              <X>25</X>
              <Y>25</Y>
            </Frequency>
            <Realtime diffgr:id="Realtime1" msdata:rowOrder="0">
              <X>-25</X>
              <Y>-25</Y>
            </Realtime>
            <Realtime diffgr:id="Realtime2" msdata:rowOrder="1">
              <X>-0.20305907654192448</X>
              <Y>-25</Y>
            </Realtime>
          </DataSet>
        </diffgr:diffgram>
      </ConfigDataSet>
    </FeedbackEffect>
    <FeedbackEffect Type="SimFeedback.motion.RollMotionFeedbackEffect">
      <linearInterpolation>true</linearInterpolation>
      <name>Roll</name>
      <telemetryName>RollAngle</telemetryName>
      <intervalValueY1>5</intervalValueY1>
      <minValueY1>-25</minValueY1>
      <maxValueY1>25</maxValueY1>
      <intervalValueX>5</intervalValueX>
      <minValueX>-25</minValueX>
      <maxValueX>25</maxValueX>
      <enabled>true</enabled>
      <mute>false</mute>
      <smoothing>5</smoothing>
      <controller-id>1</controller-id>
      <intensity>1.30000007</intensity>
      <ConfigDataSet>
        <xs:schema id="DataSet" xmlns="" xmlns:xs="http://www.w3.org/2001/XMLSchema" xmlns:msdata="urn:schemas-microsoft-com:xml-msdata">
          <xs:element name="DataSet" msdata:IsDataSet="true" msdata:Locale="en-US">
            <xs:complexType>
              <xs:choice minOccurs="0" maxOccurs="unbounded">
                <xs:element name="Volume" msdata:Locale="en-US">
                  <xs:complexType>
                    <xs:sequence>
                      <xs:element name="X" type="xs:double" minOccurs="0" />
                      <xs:element name="Y" type="xs:double" minOccurs="0" />
                    </xs:sequence>
                  </xs:complexType>
                </xs:element>
                <xs:element name="Frequency" msdata:Locale="en-US">
                  <xs:complexType>
                    <xs:sequence>
                      <xs:element name="X" type="xs:double" minOccurs="0" />
                      <xs:element name="Y" type="xs:double" minOccurs="0" />
                    </xs:sequence>
                  </xs:complexType>
                </xs:element>
                <xs:element name="Realtime" msdata:Locale="en-US">
                  <xs:complexType>
                    <xs:sequence>
                      <xs:element name="X" type="xs:double" minOccurs="0" />
                      <xs:element name="Y" type="xs:double" minOccurs="0" />
                    </xs:sequence>
                  </xs:complexType>
                </xs:element>
              </xs:choice>
            </xs:complexType>
          </xs:element>
        </xs:schema>
        <diffgr:diffgram xmlns:msdata="urn:schemas-microsoft-com:xml-msdata" xmlns:diffgr="urn:schemas-microsoft-com:xml-diffgram-v1">
          <DataSet>
            <Volume diffgr:id="Volume1" msdata:rowOrder="0">
              <X>-25</X>
              <Y>0</Y>
            </Volume>
            <Volume diffgr:id="Volume2" msdata:rowOrder="1">
              <X>25</X>
              <Y>0</Y>
            </Volume>
            <Frequency diffgr:id="Frequency1" msdata:rowOrder="0">
              <X>-25</X>
              <Y>25</Y>
            </Frequency>
            <Frequency diffgr:id="Frequency2" msdata:rowOrder="1">
              <X>25</X>
              <Y>-25</Y>
            </Frequency>
            <Realtime diffgr:id="Realtime1" msdata:rowOrder="0">
              <X>-25</X>
              <Y>-25</Y>
            </Realtime>
            <Realtime diffgr:id="Realtime2" msdata:rowOrder="1">
              <X>16.335073721815345</X>
              <Y>-25</Y>
            </Realtime>
          </DataSet>
        </diffgr:diffgram>
      </ConfigDataSet>
    </FeedbackEffect>
  </FeedbackEffectList>
</Profile>